player,season,AGE,MIN,PTS,FGM,FGA,3PM,3PA,FTM,FTA,OREB,DREB,AST,TOV,STL,BLK,PF,OFFRTG,DEFRTG,player_possessions,WS,win_score_final,win_score_final_40_game_season,wins_per_100_poss,Pos,Player
Tamika Catchings,30135,450,14373,7371,2382,5738,605,1701,2002,2384,916,2397,1484,1041,1072,383,1229,1502.2,1407.7,26513.2945,93.7,89.68,106.14,0.34,F,Tamika Catchings
Sylvia Fowles,30225,450,12317,6413,2530,4223,1,1,1352,1857,1132,2873,461,961,490,721,1049,1514.4,1449.4,23970.424,73.5,84.27,100.48,0.35,C,Sylvia Fowles
Candace Parker,32248,488,12445,6574,2471,5163,342,1027,1290,1682,621,2846,1634,1062,521,619,834,1658.4,1538.7,24567.1425,64.2,82.86,100.20,0.34,F,Candace Parker
Lisa Leslie,24032,368,11614,6251,2329,4950,123,386,1470,2117,880,2423,873,1186,490,818,1391,1196.2,1103,21799.42925,59.7,65.01,79.92,0.30,C,Lisa Leslie
Nneka Ogwumike,26234,364,11719,6502,2554,4713,165,448,1229,1462,791,2168,797,697,618,242,1047,1335.1,1262.6,23282.642,69,67.71,78.69,0.29,F,Nneka Ogwumike
Sue Bird,38220,600,18083,6802,2479,5778,1001,2551,843,988,211,1255,3234,1393,724,72,775,1960.9,1840.8,34294.87325,61.7,65.35,78.20,0.19,G,Sue Bird
Diana Taurasi,40279,659,17278,10608,3328,7843,1440,4000,2512,2887,239,1962,2389,1516,515,349,1732,2075.9,2034.5,34886.61675,74.3,65.15,77.65,0.19,G,Diana Taurasi
Lauren Jackson,24078,318,10123,6005,2089,4543,436,1243,1391,1653,707,1737,435,549,360,586,982,1216.9,1109.3,18619.906,73.1,62.86,74.52,0.34,F,Lauren Jackson
Lindsay Whalen,30165,450,13581,5511,1958,4244,193,664,1402,1725,354,1451,2347,1002,500,41,998,1543.9,1426.1,26434.7115,59.9,62.97,74.08,0.24,G,Lindsay Whalen
Taj McWilliams-Franklin,28077,497,13523,4992,1979,4049,69,247,965,1311,1059,1947,879,898,577,443,1145,1398,1331.9,25157.25725,53.9,58.80,70.38,0.23,F,Taj McWilliams-Franklin
Yolanda Griffith,22044,385,8937,4224,1497,2962,0,5,1230,1723,1048,1392,451,653,527,323,991,1086,1028.1,16241.51225,59.4,57.37,69.63,0.35,C,Yolanda Griffith
Rebekkah Brunson,30165,450,11364,4133,1592,3414,43,126,906,1310,1165,2180,486,615,456,281,996,1506.9,1433.7,21918.6195,48.6,57.66,67.83,0.26,F,Rebekkah Brunson
Breanna Stewart,16161,209,8540,5419,1863,3967,433,1215,1260,1507,352,1919,819,485,368,383,581,868.9,783.2,17162.39075,54.1,57.22,67.13,0.33,F,Breanna Stewart
DeWanna Bonner,30247,442,15252,7480,2497,6006,623,2052,1863,2173,621,2445,1138,798,603,335,848,1546,1483.3,30434.588,61.8,53.53,63.88,0.18,G,DeWanna Bonner
Courtney Vandersloot,28245,413,12022,4278,1609,3603,380,1127,680,837,197,1164,2850,1128,533,191,925,1452.7,1380.4,24282.4355,36.1,49.74,59.89,0.20,G,Courtney Vandersloot
Tina Thompson,34085,527,16063,7470,2623,6286,745,2014,1479,1777,884,2181,803,1213,452,372,1270,1679.8,1599.4,29365.05,60.7,48.40,59.56,0.16,F,Tina Thompson
Sheryl Swoopes,24040,400,10591,4875,1828,4196,270,855,949,1151,344,1252,1037,677,657,216,519,1173.3,1115.5,18864.438,56,47.08,57.89,0.25,F,Sheryl Swoopes
Sancho Lyttle,30180,435,9361,3478,1451,3070,41,161,535,760,746,1850,592,563,630,221,947,1475.9,1400.6,18741.59875,35.8,47.74,56.16,0.25,F,Sancho Lyttle
Katie Douglas,28105,413,12608,5545,1919,4627,723,1969,984,1223,438,1124,1069,824,623,126,697,1384.2,1325.9,23838.69475,49,47.03,55.68,0.20,G,Katie Douglas
Ticha Penicheiro,30075,465,12742,2729,847,2422,128,516,907,1241,203,1282,2588,1125,761,51,913,1453.4,1418.7,23444.26575,27.3,45.56,55.27,0.19,G,Ticha Penicheiro
Tina Charles,26212,368,13738,7696,3104,6887,185,578,1303,1680,1129,2885,959,958,351,409,948,1286.5,1296.7,27096.123,45.9,45.42,52.69,0.17,C,Tina Charles
Vickie Johnson,26039,416,12407,4230,1620,3757,295,827,695,847,508,1126,1202,660,357,58,752,1260.4,1218.5,22194.1145,40.5,42.01,51.51,0.19,G,Vickie Johnson
Brittney Griner,22200,310,9569,5572,2199,3916,16,44,1158,1449,529,1793,600,673,161,812,890,1141.3,1094.8,18861.954,49,43.07,50.72,0.23,C,Brittney Griner
Elena Delle Donne,20178,288,7282,4706,1624,3417,343,874,1115,1190,355,1264,450,275,174,349,396,1079.6,958,14356.404,50.1,43.69,50.70,0.30,F,Elena Delle Donne
Penny Taylor,26101,361,9495,4595,1553,3333,407,1068,1082,1246,425,1127,1049,695,479,136,832,1337.3,1256,18248.71575,48.9,42.68,50.66,0.23,F,Penny Taylor
A'ja Wilson,14147,175,7083,4782,1756,3535,60,174,1210,1485,432,1655,491,354,272,441,446,750.8,688.7,14669.80925,45,43.74,50.47,0.30,C,A'ja Wilson
Maya Moore,16116,212,8466,4984,1782,3932,530,1381,890,1035,462,1127,896,527,449,176,686,864.2,755.7,16540.43675,53.6,42.62,50.14,0.26,F,Maya Moore
Candice Dupree,32216,472,15114,6861,2829,5719,30,123,1173,1430,762,2370,902,869,431,316,876,1592.8,1655.1,29758.78575,44.1,42.56,50.01,0.14,F,Candice Dupree
Becky Hammon,32104,488,12518,5816,1909,4353,825,2182,1173,1309,171,937,1705,1219,485,59,733,1574.9,1526.9,23113.98725,45,42.08,50.00,0.18,G,Becky Hammon
Jonquel Jones,16160,216,7018,3663,1338,2589,303,805,684,861,690,1629,514,541,231,371,781,860.6,756.3,14094.435,42.5,43.25,48.85,0.31,C,Jonquel Jones
Alyssa Thomas,22209,308,9754,3889,1502,3112,1,20,884,1368,655,1741,1463,830,494,104,843,1121.6,1039.9,19434.27075,35.6,41.11,47.99,0.21,F,Alyssa Thomas
Margo Dydek,22033,330,7873,3214,1207,2589,23,78,777,982,364,1774,524,758,174,873,950,1034.7,1026.7,14760.7705,26.6,37.77,45.91,0.26,C,Margo Dydek
Katie Smith,30090,495,15721,6450,2053,5085,906,2466,1438,1675,320,1063,1258,935,408,78,1199,1423.3,1415.9,28862.1585,59.8,38.19,45.80,0.13,G,Katie Smith
Crystal Langhorne,26182,364,10448,4433,1809,3230,27,106,788,1122,732,1722,433,782,314,117,737,1234.1,1295.9,20155.1035,34.4,38.54,45.38,0.19,F,Crystal Langhorne
Chelsea Gray,20195,275,9062,3916,1484,3214,347,909,601,695,135,880,1631,744,374,91,514,1049.6,960.9,18221.23275,31,38.78,45.07,0.21,G,Chelsea Gray
Michelle Snow,26105,378,9478,3361,1320,2610,2,11,719,1021,706,1770,437,723,262,403,1108,1210.4,1270.9,17699.27725,31.4,36.46,43.07,0.21,C,Michelle Snow
Seimone Augustus,30195,450,11250,6005,2455,5111,293,805,802,935,211,1017,911,613,280,133,477,1556.1,1464.8,22211.20625,41.9,35.63,42.68,0.16,G,Seimone Augustus
Erika de Souza,24134,362,7513,3046,1336,2527,0,1,374,587,784,1436,297,483,276,370,858,1152.5,1204.2,15308.95225,28.6,36.15,42.52,0.24,F,Erika de Souza
Chamique Holdsclaw,22046,299,9164,4713,1824,4112,75,285,990,1247,612,1511,698,789,376,143,667,1073.3,1064.5,16764.3785,33,34.79,42.18,0.21,F,Chamique Holdsclaw
DeLisha Milton-Jones,34119,561,14386,5571,2083,4733,312,960,1093,1383,768,1806,921,1173,619,339,1574,1684.4,1633.2,27435.8375,37.4,31.06,37.69,0.11,F,DeLisha Milton-Jones
Andrea Stinson,18009,306,8058,3351,1310,2905,207,611,524,712,279,848,810,571,342,117,511,858.9,860.6,14079.3885,29.3,29.44,37.55,0.21,G,Andrea Stinson
Teresa Weatherspoon,16004,284,7105,1257,437,1066,73,262,310,471,157,618,1333,601,463,21,589,746.5,725.6,12467.12725,18.9,28.88,37.30,0.23,G,Teresa Weatherspoon
Cheryl Ford,14042,182,5575,2116,780,1706,0,3,556,935,639,1268,201,374,224,160,713,679.3,640,10572.25675,23.6,31.38,36.92,0.30,F,Cheryl Ford
Kara Lawson,26117,377,9216,3670,1257,3033,583,1491,573,644,174,802,946,526,229,41,457,1278.9,1227.5,17702.1,35.1,31.37,36.91,0.18,G,Kara Lawson
Jewell Loyd,20195,265,9965,5536,1842,4580,567,1631,1285,1453,276,913,1052,727,389,80,559,1027.2,982.4,20023.3055,28.4,30.26,36.35,0.15,G,Jewell Loyd
Swin Cash,30135,450,13441,5119,1773,4357,176,638,1397,1845,777,1744,1131,1127,384,258,1146,1440.4,1394,25621.797,35.5,30.64,36.32,0.12,F,Swin Cash
Alana Beard,28163,429,12336,4740,1804,4150,288,857,844,1103,259,1161,1061,854,710,220,1153,1395.6,1348.8,23886.116,33,30.84,36.28,0.13,G,Alana Beard
Sophia Young-Malcolm,18092,245,9260,4300,1659,3545,27,121,955,1331,549,1258,554,482,477,111,687,887.9,887.1,17846.263,34.6,29.89,35.16,0.17,F,Sophia Young-Malcolm
Natalie Williams,14014,224,6883,2894,1066,2250,8,28,754,1018,733,1099,308,480,270,122,847,686.2,688.2,12246.67975,29.3,28.45,34.83,0.23,C,Natalie Williams
Jia Perkins,28147,413,10153,4433,1669,4114,396,1127,699,838,323,897,837,513,634,103,711,1334.9,1338.5,19668.74175,28.3,29.27,34.43,0.15,G,Jia Perkins
Tiffany Hayes,24214,346,9512,4623,1520,3466,406,1196,1177,1489,299,834,843,556,364,83,933,1190,1169,19141.79275,35.8,30.10,34.41,0.16,G,Tiffany Hayes
Tammy Sutton-Brown,24078,354,9567,3498,1240,2590,0,5,1018,1454,708,1302,232,672,319,555,1193,1156.5,1130.1,17396.342,32.9,28.80,34.30,0.17,C,Tammy Sutton-Brown
Courtney Williams,18180,243,7960,3462,1508,3443,195,528,251,341,333,1198,1094,542,253,87,467,931.7,893.9,16079.205,16.7,30.20,34.28,0.19,G,Courtney Williams
Cappie Pondexter,26156,390,12739,6781,2434,5777,464,1320,1449,1722,248,1265,1575,945,405,72,869,1316.3,1329.6,25549.37475,37.5,28.92,34.03,0.11,G,Cappie Pondexter
Shannon Johnson,22044,330,10369,3542,1108,2803,313,936,1013,1328,325,818,1423,934,490,67,813,1055.4,1064.8,18850.44325,25.4,28.00,33.93,0.15,G,Shannon Johnson
Mwadi Mabika,24030,318,8939,3576,1256,3256,415,1271,649,812,317,1010,774,532,370,98,941,1162.3,1126.4,16744.82575,30.4,26.73,33.19,0.16,G,Mwadi Mabika
Cynthia Cooper,9997,187,4364,2601,802,1750,239,632,758,870,94,308,602,422,192,35,265,518.5,458.5,7774.30125,36.4,24.89,32.82,0.32,G,Cynthia Cooper
Kayla McBride,22209,308,10111,4835,1611,3910,619,1673,994,1111,162,931,808,555,369,37,455,1103.9,1114.9,20243.18825,28,27.94,32.71,0.14,G,Kayla McBride
Emma Meesseman,16136,200,6209,2738,1160,2224,95,256,323,378,409,854,627,331,255,225,559,826,784.3,12118.3185,29.2,27.20,32.59,0.22,F,Emma Meesseman
Vicky Bullett,11997,195,5934,2018,813,1798,70,222,322,415,360,829,296,359,353,288,507,562.2,553,10564.0195,22.8,25.06,32.24,0.24,F,Vicky Bullett
Chasity Melvin,24054,354,10372,3781,1416,3047,16,56,933,1376,881,1216,508,666,330,228,1165,1153.1,1154.3,18686.44975,33.8,26.79,32.23,0.14,C,Chasity Melvin
Elena Baranova,14007,210,5982,2110,779,1836,224,573,328,388,299,1036,430,444,215,320,501,663.1,674.2,10637.1755,19.6,25.69,31.81,0.24,F,Elena Baranova
Deanna Nolan,18045,234,9175,3971,1476,3546,340,973,679,837,234,878,930,669,388,101,628,861.9,843.7,17399.4865,31.3,26.68,31.45,0.15,G,Deanna Nolan
Kristi Toliver,28220,416,10223,4474,1559,3522,651,1698,705,802,162,667,1301,748,329,29,722,1418.5,1406,20126.78075,31.1,26.68,31.43,0.13,G,Kristi Toliver
Jackie Young,12129,147,5946,2685,965,2076,231,599,524,615,157,649,803,326,214,46,397,642.9,580.6,12322.65175,24.4,26.98,31.34,0.22,G,Jackie Young
Dearica Hamby,20195,265,7744,3279,1237,2588,123,413,682,1016,462,1506,544,540,317,80,679,988.6,994.1,15735.826,19.6,25.48,31.11,0.16,F,Dearica Hamby
Janeth Arcain,16005,261,7625,2633,992,2272,78,311,571,659,284,632,469,453,346,28,512,797.1,713.9,13276.366,28.4,24.56,31.04,0.19,G,Janeth Arcain
Danielle Robinson,24205,349,9340,3160,1225,2724,40,202,670,778,175,813,1480,680,389,44,692,1188.2,1191.2,18590.79625,19,25.47,31.03,0.14,G,Danielle Robinson
Leilani Mitchell,26189,397,8836,2618,874,2213,508,1319,362,434,179,666,1197,525,330,56,684,1274.6,1267.8,17317.1985,21.1,24.57,29.93,0.14,G,Leilani Mitchell
Angel McCoughtry,26200,382,8695,5797,2018,4699,249,849,1512,1885,496,1065,915,949,627,193,857,1077.4,1079.2,17949.1265,37.7,23.71,29.86,0.13,F,Angel McCoughtry
Skylar Diggins,20180,280,9347,4822,1593,3806,363,1133,1273,1498,191,656,1510,788,393,186,689,1038.3,1023.9,18759.30725,29.2,24.80,29.78,0.13,G,Skylar Diggins
Napheesa Collier,12129,153,5395,2787,1054,2182,138,436,541,656,319,950,465,352,271,189,426,616.9,594.1,10761.43775,25.3,24.69,29.50,0.23,F,Napheesa Collier
Tully Bevilaqua,28076,468,8566,1763,574,1466,290,852,325,473,160,607,853,514,571,41,813,1303.7,1273,15942.8105,21.6,24.52,29.32,0.15,G,Tully Bevilaqua
Epiphanny Prince,28231,413,7152,3381,1152,2841,368,978,709,820,173,528,800,408,429,74,525,1378.6,1374.7,13994.6465,29.8,24.47,29.04,0.17,G,Epiphanny Prince
Sheri Sam,20035,305,9274,3353,1287,3242,218,722,561,804,434,922,745,650,438,54,766,928.8,926.2,16525.325,20.4,23.72,28.78,0.14,G,Sheri Sam
Janel McCarville,18088,250,6082,2215,887,1808,20,72,421,544,396,865,551,491,294,201,597,883.6,835,11783.59375,20.3,24.35,28.64,0.21,F,Janel McCarville
Natasha Howard,22209,308,7728,3867,1515,3186,151,508,686,915,610,1274,496,699,382,332,969,1118.5,1075.3,15575.1365,23.1,22.84,28.25,0.15,F,Natasha Howard
Allisha Gray,16164,212,7741,3384,1134,2661,328,944,788,964,320,804,583,375,304,136,597,818.3,826.1,15545.81725,24.3,24.43,28.23,0.16,G,Allisha Gray
Erlana Larkins,18122,257,5104,1445,554,1000,0,0,337,450,509,820,361,326,242,85,546,861,870.1,9709.49725,20.2,23.59,27.76,0.24,F,Erlana Larkins
Natasha Cloud,18175,256,8048,2449,838,2183,279,902,494,613,87,842,1522,588,291,67,599,928.2,897.4,15936.02775,15.1,23.75,26.63,0.15,G,Natasha Cloud
Ann Wauters,18057,237,5257,2170,857,1601,24,67,432,569,294,811,290,440,142,153,493,847.9,839.6,9381.23575,20,21.97,26.50,0.23,C,Ann Wauters
Armintie Herrington,18099,243,6191,1696,631,1387,1,14,433,772,427,533,589,377,340,46,523,848.3,842.6,12336.943,14.3,22.35,26.30,0.18,G,Armintie Herrington
Latasha Byears,20021,291,4680,1920,816,1581,7,30,281,443,523,667,197,360,245,55,730,978.5,977.6,8783.862,18.3,20.38,26.08,0.23,G,Latasha Byears
Wendy Palmer,22022,308,7651,3135,1154,2659,146,476,681,963,534,1290,322,517,226,70,831,1028.7,1091.2,14141.13075,20.7,20.81,25.78,0.15,F,Wendy Palmer
Tanisha Wright,28163,401,10817,3324,1211,2857,138,448,764,917,327,863,1423,954,427,71,1109,1350.9,1348.3,20758.4135,19.6,21.70,25.53,0.10,G,Tanisha Wright
Noelle Quinn,24150,342,7660,1824,702,1774,184,571,236,296,164,847,878,422,256,77,437,1142,1173.7,14933.5415,9.3,21.64,25.46,0.14,G,Noelle Quinn
Nicole Powell,22099,308,8996,3407,1195,3071,579,1532,438,497,371,1086,567,525,401,100,701,1072.9,1053.4,17091.569,30.4,21.49,25.29,0.13,F,Nicole Powell
Nykesha Sales,18027,252,8700,3931,1471,3517,352,985,637,816,328,820,677,575,486,80,796,879.3,854.8,15894.35,30.9,20.62,24.92,0.13,F,Nykesha Sales
Sabrina Ionescu,10110,125,4497,2337,777,1920,379,1042,404,446,115,693,851,417,134,49,241,504.2,501.5,9106.871,16.4,22.90,24.82,0.25,G,Sabrina Ionescu
Liz Cambage,12104,158,4089,2634,971,1800,23,82,669,883,314,944,265,403,110,264,483,596.3,587.5,8390.07625,20.2,20.44,24.16,0.24,C,Liz Cambage
Jessica Breland,18144,261,5698,1918,833,1897,22,78,230,296,421,1165,377,378,204,367,562,855.9,898.5,11430.59175,10.8,19.92,23.51,0.17,F,Jessica Breland
Murriel Page,22033,308,8458,2146,888,1914,21,81,349,534,562,1033,410,432,204,193,872,1017.5,1051.5,15391.51075,15.3,18.60,22.96,0.12,F,Murriel Page
Tamika Raymond,14035,182,5076,1329,548,998,5,31,228,421,483,644,212,311,175,32,354,656.9,667.3,9093.86325,20.2,19.15,22.89,0.21,F,Tamika Raymond
Anna DeForge,16042,242,6544,2413,851,2113,334,894,377,459,193,576,503,374,266,49,365,759.3,761,12129.72325,20.9,19.29,22.77,0.16,G,Anna DeForge
Kiah Stokes,18176,248,5634,1013,408,828,40,181,157,232,402,1196,205,219,147,302,558,886.1,876.1,11321.53775,16.6,19.18,22.55,0.17,C,Kiah Stokes
Brittney Sykes,16164,220,6394,2875,1045,2511,200,662,585,781,196,786,659,458,303,115,563,781.2,786.7,12922.4465,12,19.18,22.48,0.15,G,Brittney Sykes
Brionna Jones,16164,204,4549,2201,866,1557,5,29,464,601,459,555,230,282,217,89,516,811.5,767.8,9050.2815,25.2,18.56,22.37,0.21,F,Brionna Jones
Courtney Paris,20144,274,4685,1404,626,1186,0,5,152,296,588,1008,221,194,112,178,617,980.3,1019.5,9218.0915,16,18.88,22.21,0.20,C,Courtney Paris
Alysha Clark,24213,369,8853,2624,976,2011,364,950,308,385,309,1028,563,415,288,85,802,1218.5,1161.9,17451.34675,24.9,17.13,21.98,0.10,F,Alysha Clark
Tamecka Dixon,26039,364,9445,3507,1353,3181,126,402,675,836,285,750,960,716,355,62,849,1260.9,1231.9,17697.75875,22.6,17.33,21.91,0.10,G,Tamecka Dixon
Jantel Lavender,22178,310,6873,2775,1211,2446,27,118,326,398,490,1079,350,444,107,170,513,1055,1074,13617.32325,15.8,18.49,21.66,0.14,F,Jantel Lavender
Teaira McCowan,12129,153,4450,2120,820,1481,1,11,479,725,600,992,187,318,106,208,594,622,626.8,8937.2005,16.9,18.49,21.64,0.21,C,Teaira McCowan
Glory Johnson,16129,209,6035,2531,909,2065,89,286,624,857,493,1147,282,397,289,108,550,793.9,833.4,11915.62975,15.9,18.15,21.60,0.15,F,Glory Johnson
Nikki Teasley,14036,190,5908,1690,528,1406,304,807,330,395,117,504,982,493,211,57,463,688.9,662.7,11291.936,15.4,18.13,21.54,0.16,G,Nikki Teasley
Dawn Staley,16020,268,8534,2228,754,1888,254,675,466,559,101,436,1337,643,338,17,551,775.7,784.3,14588.492,17.7,17.34,20.98,0.12,G,Dawn Staley
Allie Quigley,28213,423,7758,3786,1409,3119,510,1295,458,513,116,586,690,467,198,90,475,1394.4,1395.3,15786.47525,18.8,17.04,20.89,0.11,G,Allie Quigley
Kelly Miller,24078,342,8404,2558,919,2256,305,803,415,507,306,705,927,596,290,36,676,1160.1,1181.1,16059.3565,15.7,17.45,20.72,0.11,G,Kelly Miller
Tangela Smith,30075,435,12698,5035,2054,4861,235,684,692,890,658,1670,554,751,455,554,1396,1469.9,1478.4,24278.0555,27.8,17.12,20.71,0.07,C,Tangela Smith
Jayne Appel Marinelli,14091,182,4453,886,357,717,4,19,168,263,343,983,320,266,137,194,543,658.1,683.3,8549.674,10.1,17.53,20.62,0.21,C,Jayne Appel Marinelli
Tari Phillips,18027,306,5342,2134,851,1884,3,22,429,694,441,833,203,493,277,111,648,837.7,866.5,9198.62225,12.3,16.51,20.33,0.18,F,Tari Phillips
Elizabeth Williams,20195,275,7582,2477,1001,2046,0,2,475,733,678,1003,374,320,254,444,646,965.5,974.6,15237.64925,22.9,17.32,20.32,0.11,C,Elizabeth Williams
Brianna Turner,12129,153,4542,849,374,641,0,2,101,158,310,854,250,219,147,219,383,589.4,613.8,9066.57375,11.2,15.62,20.30,0.17,F,Brianna Turner
Debbie Black,12009,213,4393,758,303,785,21,110,131,186,167,372,612,233,315,16,414,550.3,551,7560.6035,10.5,16.14,20.02,0.21,G,Debbie Black
Kelsey Plum,14144,186,6770,3368,1151,2663,489,1255,577,654,80,503,946,480,200,17,541,743.3,697,13971.95325,20.5,18.19,20.00,0.13,G,Kelsey Plum
Ruth Riley,26091,364,8593,2434,975,2205,41,138,443,563,415,1188,449,637,231,505,1215,1223.6,1202.5,15994.627,17.1,16.77,19.92,0.10,C,Ruth Riley
Crystal Robinson,18027,270,7342,2496,883,2061,425,1129,305,359,186,477,488,299,267,65,682,889.9,863.7,12725.54875,26.3,16.20,19.92,0.13,F,Crystal Robinson
Ariel Atkins,14147,175,6012,2914,1020,2409,397,1097,477,562,192,452,524,353,312,85,582,733.8,687.9,12031.39225,18.3,16.76,19.91,0.14,G,Ariel Atkins
Temeka Johnson,22110,308,7942,2620,987,2424,197,570,449,544,130,759,1382,696,317,27,680,1073.2,1087.3,15620.16325,11,16.74,19.70,0.11,G,Temeka Johnson
Betty Lennox,24066,354,7873,3856,1410,3470,372,1110,664,792,310,986,651,800,323,47,851,1133.8,1178.7,14887.66875,17.2,16.43,19.66,0.11,G,Betty Lennox
Jasmine Thomas,26221,364,9705,3522,1320,3503,376,1147,506,635,200,827,1355,796,394,91,685,1281.6,1259.3,19274.151,11.2,16.05,19.63,0.08,G,Jasmine Thomas
Lindsey Harding,18100,253,7753,2647,997,2409,80,317,573,759,133,646,1090,600,295,58,486,885,871.1,15411.56825,14.3,16.55,19.46,0.11,G,Lindsey Harding
Ebony Hoffman,22099,297,6532,1909,747,1817,115,333,300,358,452,924,347,470,308,121,791,1024.9,1006.6,12440.4045,14.3,16.53,19.44,0.13,F,Ebony Hoffman
Cheyenne Parker-Tyus,20195,275,5488,2549,975,2002,66,226,533,687,455,967,303,434,213,250,658,986.6,1022.6,11354.231,16,16.01,19.40,0.14,F,Cheyenne Parker-Tyus
Renee Montgomery,22154,308,8599,3533,1165,3016,532,1534,671,799,102,510,1140,697,356,37,543,1068.6,1068.8,17231.7655,19.7,16.32,19.20,0.09,G,Renee Montgomery
Asjha Jones,24092,332,9008,3986,1681,3752,41,153,583,769,628,1123,637,682,215,204,971,1189.7,1138.3,17109.99025,20.8,16.33,19.17,0.10,F,Asjha Jones
Plenette Pierson,30150,435,9857,4258,1608,3662,78,258,964,1295,627,1207,651,773,317,242,1175,1423.7,1458.7,19057.024,25.3,16.15,19.00,0.08,F,Plenette Pierson
Chiney Ogwumike,14133,196,4035,1964,778,1456,14,41,394,532,454,656,148,255,176,127,580,689.1,688.3,8126.87175,18.7,15.89,18.64,0.20,F,Chiney Ogwumike
Nicky Anosike,10050,125,3724,1244,389,938,1,6,465,641,316,606,238,234,270,133,402,468.8,491.5,7385.665,12.5,15.81,18.60,0.21,F,Nicky Anosike
Shavonte Zellous,24175,343,7959,3103,1008,2531,167,573,920,1148,229,749,693,517,241,139,907,1168.1,1160.5,15535.40025,20.4,15.36,18.13,0.10,G,Shavonte Zellous
Camille Smith,26169,377,10692,3551,1301,2933,179,580,770,1071,605,1197,590,779,437,169,1159,1267.2,1248.5,20538.45675,21.6,15.37,18.08,0.07,F,Camille Smith
Jordin Canada,14147,182,5159,1818,625,1598,86,353,482,596,76,415,980,427,311,31,349,692,680.6,10380.21425,9.9,15.06,18.02,0.15,G,Jordin Canada
Erin Phillips,18104,248,4595,1454,484,1202,211,554,275,326,138,369,462,263,182,16,325,873.7,839.8,8868.19675,13.1,15.12,17.78,0.17,G,Erin Phillips
Merlakia Jones,16004,228,6277,2308,942,2247,63,207,361,480,271,656,355,398,232,25,506,735.2,745.8,11003.75025,14.3,13.96,17.74,0.13,G,Merlakia Jones
Kristen Rasmussen,18036,234,5394,1209,459,1029,59,141,232,295,370,623,345,288,162,127,533,868.6,855.5,9728.8765,12.9,14.72,17.73,0.15,F,Kristen Rasmussen
Ezi Magbegor,10110,115,4004,1642,665,1269,59,172,253,329,270,701,252,228,144,258,450,503.7,484.2,8180.57225,16.2,16.02,17.72,0.20,F,Ezi Magbegor
Shenise Johnson,16126,206,4260,1688,612,1519,143,411,321,373,225,504,376,283,217,37,315,778.8,798,8361.01775,9.8,14.71,17.52,0.18,G,Shenise Johnson
Monique Currie,26156,390,9739,4253,1348,3365,284,841,1273,1546,399,1267,740,724,378,114,1137,1241.1,1284.6,19014.741,29.2,14.74,17.34,0.08,F,Monique Currie
Kamila Vodichkova,14021,217,4815,1767,662,1487,31,103,412,531,336,695,279,381,173,111,596,676.1,658.7,8730.083,13.4,14.31,17.20,0.16,F,Kamila Vodichkova
Sami Whitcomb,16164,260,4884,1821,620,1573,425,1178,156,180,94,519,515,349,213,49,390,781.1,793.4,9998.41025,9,13.87,17.10,0.14,G,Sami Whitcomb
Rushia Brown,14000,203,3856,1246,474,990,3,9,295,386,279,427,191,277,221,80,505,655.2,637.7,6770.76525,13.9,13.11,16.88,0.19,F,Rushia Brown
Betnijah Laney-Hamilton,18178,241,5718,2228,855,1895,197,549,321,402,183,600,569,435,202,21,418,893.9,900,11551.26875,9.6,14.04,16.84,0.12,G,Betnijah Laney-Hamilton
Jennifer Gillom,14000,259,5868,2888,1048,2457,153,471,639,843,279,685,255,434,220,103,629,662.4,650.7,10698.02575,21.1,12.87,16.83,0.12,F,Jennifer Gillom
Marissa Coleman,20135,275,6707,2140,744,2008,315,922,337,442,254,741,399,396,236,88,541,966.5,979.5,13112.30525,9.7,14.27,16.79,0.11,G,Marissa Coleman
Ruthie Bolton,16004,276,5101,2175,764,2085,312,976,335,451,225,455,352,260,254,7,436,769.8,757.5,9355.49675,17.7,13.04,16.69,0.14,G,Ruthie Bolton
Kahleah Copper,18180,234,6944,3645,1328,2973,284,815,705,896,192,867,420,517,177,40,642,895.5,919.9,14233.35975,10.5,13.69,16.49,0.10,G,Kahleah Copper
Ukari Figgs,10005,125,3883,980,307,769,162,434,204,239,60,291,470,232,129,10,205,500.5,457.3,7012.28225,11.7,13.29,16.46,0.19,G,Ukari Figgs
Elaine Powell,20035,285,5715,1495,543,1304,58,181,351,502,232,421,728,469,255,51,440,930.6,942.8,10636.72025,10.3,13.61,16.39,0.13,G,Elaine Powell
Marlies Askamp,11997,177,3211,1027,356,810,1,6,314,442,355,467,111,185,97,71,393,551.9,536.6,5632.14025,13.1,12.68,16.30,0.23,C,Marlies Askamp
Briann January,28217,413,10141,3082,1007,2619,381,1013,687,813,169,494,1339,771,386,60,921,1410.1,1362.1,19671.02775,17.5,13.09,15.75,0.07,G,Briann January
Essence Carson,26182,364,7364,2647,1025,2536,223,692,374,472,205,628,445,405,285,121,497,1235.5,1241.1,14402.72225,11.6,13.57,15.67,0.09,G,Essence Carson
LaToya Sanders,14096,194,2733,879,339,674,1,2,200,238,242,453,154,133,107,207,329,714.2,683.7,5398.806,11.5,13.15,15.47,0.24,F,LaToya Sanders
Mistie Bass,20110,280,4087,1303,522,1018,0,8,259,433,361,527,210,244,157,126,414,961.4,941.3,8092.9585,12.7,12.96,15.25,0.16,F,Mistie Bass
Riquna Williams,20171,281,5475,2659,872,2267,407,1110,508,589,105,460,387,265,260,65,493,1008,998.3,11049.336,17.4,12.19,15.24,0.11,G,Riquna Williams
Kristin Folkl,8002,102,2828,734,286,623,11,48,151,208,169,494,167,144,75,85,260,366.7,377.2,5060.6895,8.8,12.03,15.04,0.24,F,Kristin Folkl
Sue Wicks,11997,201,3388,819,314,778,5,37,186,269,262,518,180,278,156,153,462,563.9,519.3,5994.444,7.2,11.62,14.80,0.19,F,Sue Wicks
Myisha Hines-Allen,14147,189,3602,1571,607,1392,111,316,246,328,237,731,381,276,149,51,392,690.8,706.1,7276.897,9,10.93,14.69,0.15,F,Myisha Hines-Allen
Dominique Canty,28077,413,9051,2763,922,2396,17,96,902,1299,354,607,1042,685,356,36,831,1309.1,1338.6,16614.141,11.9,12.24,14.60,0.07,G,Dominique Canty
Kedra Holland-Corn,14015,197,5547,1938,664,1657,307,901,303,426,156,310,423,438,301,33,405,666.5,645.5,10194.697,13.2,11.89,14.51,0.12,G,Kedra Holland-Corn
Layshia Clarendon,22200,310,6309,2168,811,1879,107,337,439,542,202,554,911,536,195,7,609,1053.2,1084,12570.0855,8.9,12.15,14.32,0.10,G,Layshia Clarendon
Jennifer Azzi,10005,165,4888,1288,391,877,158,345,348,412,44,315,636,281,112,42,435,485.8,488,8904.08775,14.4,11.54,14.31,0.13,G,Jennifer Azzi
Tamika Whitmore,22044,308,8541,3359,1268,2931,92,290,731,984,436,919,347,600,251,155,940,1038.9,1021.7,15516.051,14.1,11.84,14.21,0.08,F,Tamika Whitmore
Tiffani Johnson,14014,189,3860,851,337,749,0,2,177,232,260,518,128,182,63,96,396,652.1,608.9,6815.25825,10.5,11.47,14.06,0.17,C,Tiffani Johnson
Shameka Christon,22103,312,7432,3039,980,2609,434,1269,645,785,206,661,389,424,205,165,734,1058.1,1081.5,14002.84275,16.2,11.87,13.96,0.08,G,Shameka Christon
Tierra Ruffin-Pratt,16132,212,5125,1456,486,1361,83,261,401,522,224,575,424,255,194,77,550,785.3,781.4,10085.71875,8.6,11.55,13.86,0.11,G,Tierra Ruffin-Pratt
Adrienne Goodson,14014,252,6456,2705,1050,2398,48,196,557,749,493,633,433,542,203,30,512,674.5,683.2,11697.4505,12.1,11.35,13.84,0.10,F,Adrienne Goodson
Helen Darling,20053,273,6373,1304,394,1223,144,478,372,516,139,495,882,575,343,32,709,919.4,914.1,11685.5415,5.8,11.44,13.74,0.10,G,Helen Darling
Monique Billings,14147,182,4138,1315,495,1123,4,22,321,419,407,822,196,279,154,102,458,673.8,699.6,8458.15525,7.2,11.34,13.72,0.13,F,Monique Billings
Odyssey Sims,22209,297,7853,3272,1176,2965,208,760,712,872,166,553,1111,583,309,38,549,1116,1116.5,15594.67025,12.6,11.70,13.60,0.08,G,Odyssey Sims
Stefanie Dolson,22209,308,7661,2967,1163,2325,239,586,402,468,347,1206,624,546,142,290,982,1103.9,1083.9,15374.62875,20.5,11.43,13.48,0.07,C,Stefanie Dolson
Brandy Reed,10000,120,2197,1175,465,966,33,94,212,255,151,273,174,194,115,48,147,463.7,451.5,3891.16525,11.1,10.60,13.40,0.27,F,Brandy Reed
Sugar Rodgers,16132,220,4501,1733,584,1627,317,916,248,304,111,495,393,269,168,76,445,760.6,758.9,9019.2375,9.6,11.02,13.30,0.12,G,Sugar Rodgers
Svetlana Abrosimova,20058,258,6371,2414,877,2217,235,669,425,650,313,765,551,631,352,49,613,927,952.6,11915,9.7,11.09,13.29,0.09,F,Svetlana Abrosimova
Loree Moore,10035,125,4017,917,326,902,138,413,127,188,123,417,562,339,255,19,314,453.3,482.4,7664.27575,5.1,11.28,13.27,0.15,G,Loree Moore
Marina Mabrey,12129,153,4886,2363,865,2112,370,1014,263,339,116,549,595,385,177,67,422,609.2,611.5,9901.7425,9.2,11.75,13.23,0.12,G,Marina Mabrey
Adrian Williams-Strong,16031,223,4638,1372,557,1315,0,2,258,407,362,769,161,353,216,85,497,704.2,772.2,8609.48475,6,10.86,13.06,0.13,C,Adrian Williams-Strong
Natalie Achonwa,16148,212,3766,1494,588,1132,3,25,315,390,290,605,235,214,115,98,459,773.8,810.4,7580.5155,12.3,11.01,13.00,0.15,F,Natalie Achonwa
Cathrine Kraayeveld,18081,252,6082,1926,673,1675,343,903,237,314,253,760,290,406,167,129,484,866.8,868.9,11783.91975,10.5,11.04,12.99,0.09,F,Cathrine Kraayeveld
Janice Braxton,5994,111,2112,728,246,537,7,22,229,306,102,362,154,153,105,54,193,275.4,270,3949.5825,9,9.61,12.96,0.24,F,Janice Braxton
Tan White,20095,275,7078,2595,944,2520,311,971,396,490,188,581,578,557,360,76,698,936.3,923,13891.37125,10.8,10.98,12.91,0.08,G,Tan White
Sophia Witherspoon,14000,217,4852,2210,733,1925,260,738,484,604,140,307,314,386,208,31,342,656.5,642.2,8968.19925,13.9,9.69,12.87,0.11,G,Sophia Witherspoon
Allison Feaster,20026,276,6308,2258,739,1954,372,1082,408,489,237,456,406,372,219,53,504,929.4,957.8,10883.24025,18.3,10.45,12.85,0.10,F,Allison Feaster
Le'coe Willingham,20085,285,4864,1552,604,1232,71,240,273,383,425,629,219,325,143,51,571,964.5,958.3,9646.78875,12.6,10.87,12.79,0.11,F,Le'coe Willingham
Michele Timms,9995,175,3280,854,283,843,127,394,161,214,71,242,549,297,187,18,321,463.8,449.3,6062.80675,6.9,9.37,12.60,0.15,G,Michele Timms
Lisa Harrison,12010,190,4504,1119,465,1000,14,41,175,226,222,450,227,197,157,20,338,560.4,572.5,7922.70475,9.9,10.08,12.48,0.13,F,Lisa Harrison
Maria Stepanova,10003,113,2075,867,357,739,1,4,152,241,189,342,103,146,83,182,300,475.3,436,3734.993,8.5,9.96,12.33,0.27,C,Maria Stepanova
Janell Burse,16037,213,4319,1580,581,1223,1,6,417,606,385,559,127,347,115,216,632,774.1,744.9,8120.58825,12,10.40,12.27,0.13,C,Janell Burse
Arike Ogunbowale,12129,153,6706,4014,1368,3482,497,1419,781,910,119,531,769,443,300,19,491,613.3,632.4,13473.177,18,10.83,12.17,0.08,G,Arike Ogunbowale
Aerial Powers,18180,243,3726,1994,646,1626,172,512,530,628,176,459,302,322,151,47,321,918.4,914.6,7665.90975,8.3,9.97,12.11,0.13,G,Aerial Powers
Nakia Sanford,22088,363,6151,1915,692,1431,4,16,527,893,536,883,209,531,181,131,979,1014.5,1030.8,12033.105,9.1,10.19,11.99,0.08,C,Nakia Sanford
Damiris Dantas,18170,242,4485,1639,616,1445,182,528,225,290,232,672,342,254,121,77,459,907.2,887,9025.472,11.2,8.99,11.92,0.10,C,Damiris Dantas
Damiris Dantas,18170,242,4485,1639,616,1445,182,528,225,290,232,672,342,254,121,77,459,907.2,887,9025.472,11.2,8.99,11.92,0.10,F,Damiris Dantas
Rhonda Mapp,11998,184,3468,1369,540,1127,14,53,275,358,256,532,237,263,112,69,483,560.4,590.3,6303.61525,12.1,9.10,11.78,0.14,C,Rhonda Mapp
Simone Edwards,12015,177,3184,936,363,760,1,1,209,323,239,386,91,173,83,56,270,545.7,555.1,5525.5585,8.1,9.56,11.75,0.17,C,Simone Edwards
Ivory Latta,22132,308,7829,3447,1149,2922,536,1453,613,723,104,447,885,534,243,16,565,1063.3,1114.7,15454.83575,17.6,9.93,11.68,0.06,G,Ivory Latta
Alex Montgomery,16116,212,3521,902,358,957,95,279,91,119,179,556,252,217,112,45,374,703.4,779.6,6872.35275,2.5,9.91,11.66,0.14,G,Alex Montgomery
Tiffany Jackson,18104,248,4125,1389,510,1150,1,3,368,517,330,672,200,354,185,76,407,810.6,878.2,8129.15325,5.6,9.89,11.64,0.12,F,Tiffany Jackson
Marie Ferdinand-Harris,20060,280,7370,3001,1055,2623,116,415,775,975,241,587,528,518,331,45,646,945.4,976.7,13788.7705,14.7,9.44,11.43,0.07,G,Marie Ferdinand-Harris
Erica Wheeler,18175,265,6897,2605,995,2493,244,744,371,452,116,617,1112,597,286,30,646,860.4,910.7,13650.5635,4.3,9.96,11.41,0.07,G,Erica Wheeler
Erin Perperoglou,16041,217,4019,1232,418,949,56,163,340,471,256,415,261,305,184,108,504,762.3,756.2,7606.0745,11.4,9.60,11.41,0.13,F,Erin Perperoglou
Kristi Harrower,14017,199,3418,667,223,608,90,284,131,173,58,254,450,227,127,11,182,670.3,644.8,6089.202,5.3,9.16,11.20,0.15,G,Kristi Harrower
Shatori Walker-Kimbrough,16164,212,4415,1473,502,1188,163,466,306,345,68,303,304,227,194,73,258,793.7,795.7,9035.9055,9.3,9.27,10.99,0.10,G,Shatori Walker-Kimbrough
Kara Braxton,20095,275,4854,2237,934,1969,7,25,362,565,501,886,282,570,168,157,748,953.9,953.7,9790.9115,8.6,9.32,10.96,0.10,C,Kara Braxton
Cindy Brown,3997,69,1616,532,183,446,28,101,138,197,119,328,85,114,85,36,166,186,185.8,3036.00575,5.9,8.17,10.77,0.27,F,Cindy Brown
Azura Stevens,14147,182,3957,1658,649,1474,164,486,196,250,236,649,198,222,147,183,365,678.6,712.1,8087.97575,9.1,8.84,10.76,0.11,F,Azura Stevens
Shay Murphy,18101,245,2838,1056,365,997,134,417,192,252,226,306,162,151,142,27,296,826.8,849.3,5648.04425,7.9,9.13,10.74,0.16,G,Shay Murphy
Bridget Pettis,16006,246,3888,1405,455,1335,153,568,342,423,175,280,315,284,177,31,348,747.6,746.1,7197.8925,8.9,7.98,10.72,0.11,G,Bridget Pettis
Sharon Manning,7994,122,1929,541,218,464,2,5,103,188,180,298,77,138,108,20,203,351.1,355.6,3457.41125,5.2,8.07,10.62,0.23,F,Sharon Manning
Aliyah Boston,4047,45,2485,1138,469,849,11,36,189,255,236,454,215,154,88,99,255,210.2,213.7,4993.738,10.5,10.61,10.61,0.21,F,Aliyah Boston
Rhyne Howard,6069,72,3367,1752,577,1546,264,772,334,424,78,400,328,179,159,70,260,295.6,300.8,6808.20475,9.4,10.26,10.56,0.15,G,Rhyne Howard
Rita Williams,12003,153,4009,1181,369,972,150,442,293,395,79,288,403,326,271,19,307,547.1,576,7207.031,6.9,8.39,10.51,0.12,G,Rita Williams
Brittany Boyd-Jones,12106,154,2397,809,285,727,32,119,207,282,74,338,508,281,176,12,287,551.9,563.3,4918.65875,3.3,8.89,10.46,0.18,G,Brittany Boyd-Jones
Isabelle Harrison,14139,188,4049,1665,679,1431,6,32,301,400,310,650,214,277,160,93,440,679.1,715.1,8080.74,8.2,8.69,10.43,0.11,F,Isabelle Harrison
Kia Vaughn,26198,380,7144,2288,1012,2162,1,10,263,394,532,1094,322,454,208,175,755,1228,1268.1,13993.082,11.9,8.83,10.34,0.06,C,Kia Vaughn
Sonja Henning,10005,160,3699,490,183,514,49,176,75,135,78,268,341,182,194,23,280,462.4,456.9,6303.1745,4,8.26,10.32,0.13,G,Sonja Henning
Karima Christmas-Kelly,20155,265,5561,1919,578,1545,181,563,582,736,384,524,305,269,261,75,494,968.4,977.7,10850.83425,15.1,8.62,10.19,0.08,F,Karima Christmas-Kelly
Candice Wiggins,16092,204,4928,1901,581,1567,290,800,449,539,135,392,417,349,215,38,525,779.1,771.3,9807.18725,12,8.63,10.15,0.09,G,Candice Wiggins
Carolyn Swords,18141,240,3117,920,378,708,0,0,164,210,292,522,132,199,71,104,442,867.6,874,6341.4985,9.7,7.62,9.97,0.12,C,Carolyn Swords
Alison Bales,8036,100,1900,476,180,393,14,37,102,134,106,351,85,59,63,148,186,366.6,364.3,3900.208,6.8,8.39,9.87,0.22,C,Alison Bales
Roneeka Hodges,22110,308,5873,1925,676,1782,389,1129,184,229,121,467,362,243,135,55,333,1052.2,1100.7,11525.4075,9,8.37,9.85,0.07,G,Roneeka Hodges
Devereaux Peters,12088,154,2518,690,295,623,4,13,96,130,179,404,170,149,79,133,301,583.5,574.9,4954.96425,7,8.33,9.80,0.17,F,Devereaux Peters
Shey Peddy,10105,165,2146,694,236,588,99,315,123,136,86,194,267,107,121,12,155,484.7,482.1,4298.21975,5.7,8.00,9.75,0.19,G,Shey Peddy
Eva Nemcova,9995,135,3362,1288,468,1061,130,322,222,248,85,294,215,252,119,63,216,465.2,455.2,6204.5005,10.3,7.27,9.68,0.12,F,Eva Nemcova
Sophie Cunningham,12129,153,4143,1409,456,1081,254,702,243,283,76,419,262,164,125,45,439,604.2,606.1,8293.6005,8.7,9.02,9.67,0.11,G,Sophie Cunningham
Kalana Greene,12075,153,3113,719,282,668,36,131,119,174,102,312,199,131,136,42,234,556.8,569.7,6136.78075,5.7,8.22,9.66,0.13,G,Kalana Greene
Kelsey Griffin,10060,125,2952,801,284,756,40,156,193,263,236,447,126,137,147,75,309,471.3,469.6,5900.99,7.4,8.06,9.48,0.14,F,Kelsey Griffin
Alanna Smith,12129,153,2705,939,352,796,99,327,136,195,176,444,234,172,127,139,327,579.4,573.3,5469.018,8.2,8.80,9.40,0.16,F,Alanna Smith
Kim Perrot,3995,63,1681,413,146,380,57,207,64,107,34,133,227,147,153,2,123,203.5,174.6,3079.02575,5.7,6.84,9.38,0.22,G,Kim Perrot
Kym Hampton,5994,108,2241,840,310,681,1,4,219,314,165,355,84,161,92,52,262,273.8,263.8,4090.9415,9,6.89,9.33,0.17,C,Kym Hampton
Erin Thorn,22088,308,4248,1338,465,1177,243,659,165,187,74,305,414,270,107,12,195,1029.4,1079.7,8171.03,7,7.88,9.27,0.10,G,Erin Thorn
Nicole Ohlde,14049,182,5240,1959,690,1579,0,5,579,767,361,679,326,434,100,171,631,668.3,695.6,10031.54,10.4,7.83,9.21,0.08,F,Nicole Ohlde
Moriah Jefferson,16161,217,4414,1715,674,1548,148,382,219,279,69,309,676,312,216,24,352,760.4,837.4,8691.30425,6.6,7.84,9.10,0.09,G,Moriah Jefferson
Kayla Thornton,18179,251,6433,1927,671,1632,230,704,355,422,394,760,321,250,226,81,586,882.6,907,12890.32575,15.5,7.80,8.98,0.06,F,Kayla Thornton
Coquese Washington,12003,183,2566,464,157,466,73,222,77,105,45,228,332,200,161,13,220,566,540.8,4496.515,4.2,7.13,8.94,0.16,G,Coquese Washington
Charlotte Smith,16020,236,5604,1412,495,1248,164,467,258,360,266,528,352,337,115,81,638,758.8,757.7,9525.83575,7.8,7.39,8.93,0.08,F,Charlotte Smith
Coco Miller,24078,342,6360,2030,837,1981,139,414,217,284,322,428,503,410,237,29,615,1104.2,1153.8,12106.79475,9.2,7.38,8.84,0.06,G,Coco Miller
Katie Mattera,10035,125,2347,1000,366,736,0,0,268,389,238,470,38,248,32,131,384,443.4,475.6,4616.8215,5.1,7.52,8.84,0.16,C,Katie Mattera
Michelle Brogan,3998,54,1505,486,163,321,19,48,141,177,85,159,90,88,74,11,136,196.6,179.5,2729.922,7.4,6.75,8.77,0.25,F,Michelle Brogan
Natisha Hiedeman,12129,153,3831,1311,461,1160,238,631,151,214,50,289,458,215,152,22,333,593.5,587.7,7683.11975,10.4,7.76,8.69,0.10,G,Natisha Hiedeman
Lindsay Allen,14145,187,3371,874,333,778,50,190,158,199,58,250,596,195,106,15,234,692.2,707.4,6841.53175,5.2,7.57,8.64,0.11,G,Lindsay Allen
Diamond DeShields,12124,160,4279,2026,715,1795,147,519,449,560,107,543,361,333,180,60,445,580.7,603.9,8849.55425,4.1,7.21,8.63,0.08,G,Diamond DeShields
DeMya Walker,26078,377,6435,2379,927,2055,7,50,518,816,538,661,446,684,220,155,882,1200.4,1209.9,12003.7425,8.7,7.11,8.43,0.06,F,DeMya Walker
Satou Sabally,10110,125,2883,1525,503,1204,145,431,374,441,181,500,353,246,109,54,322,523.2,524,5914.3665,9.6,7.28,8.22,0.12,F,Satou Sabally
Alisa Burras,10005,135,2033,862,362,639,0,0,138,198,160,302,45,175,39,30,229,445.7,472,3641.1225,5.9,6.58,8.21,0.18,C,Alisa Burras
Alexis Hornbuckle,12063,153,3553,866,316,901,96,291,138,216,180,414,336,288,225,55,450,552.9,581.7,7189.226,1.9,6.88,8.10,0.10,G,Alexis Hornbuckle
Isabelle Fijalkowski,3995,53,1609,715,271,513,5,14,168,209,121,228,126,154,34,44,244,193,180.7,3033.5515,7.6,5.93,8.09,0.20,F,Isabelle Fijalkowski
Jessica Davenport,12057,153,2417,1148,443,872,2,14,260,355,161,378,73,229,82,151,334,555.5,553.1,4726.2955,8.1,6.87,8.08,0.15,C,Jessica Davenport
Sylvia Crawley,8006,118,3237,1050,427,979,7,20,189,264,212,415,154,251,84,106,347,359.6,373.4,5859.34,4.2,6.49,8.08,0.11,F,Sylvia Crawley
Sandy Brondello,10003,163,4576,1759,665,1606,114,278,315,369,83,217,349,253,148,16,298,474.9,468.9,8147.99,12.3,6.14,7.87,0.08,G,Sandy Brondello
Brooke Wyckoff,16041,209,4487,756,263,746,132,419,98,138,219,532,302,252,149,129,614,746.3,765.4,8233.243,4.4,6.62,7.87,0.08,F,Brooke Wyckoff
Stephanie White,10007,127,2730,842,258,678,115,315,211,254,65,168,277,190,134,33,236,482.2,481.1,4845.37975,6.7,6.29,7.75,0.13,G,Stephanie White
Mercedes Russell,14147,182,3390,932,393,751,0,1,146,225,222,540,180,180,113,65,306,650.2,671.9,6831.994,8.4,6.05,7.75,0.09,C,Mercedes Russell
Bria Hartley,18162,234,4207,1630,570,1473,199,594,291,378,93,358,544,350,132,11,353,852.7,904.8,8281.09425,4.4,5.90,7.50,0.07,G,Bria Hartley
Kelly Schumacher,18045,252,3471,1085,440,958,19,55,186,244,211,461,120,235,61,183,423,821.8,870,6319.821,5.7,6.26,7.48,0.10,C,Kelly Schumacher
Tianna Hawkins,20183,283,4493,1825,706,1520,167,530,246,288,318,682,201,303,142,75,662,962.1,1001.1,9062.99375,11.2,6.48,7.43,0.07,F,Tianna Hawkins
Christi Thomas,14049,175,2603,789,314,684,20,74,141,206,201,426,95,161,77,72,463,619.1,656.1,5023.0055,6.6,6.28,7.39,0.13,F,Christi Thomas
Umeki Webb,5995,73,1803,341,114,357,7,37,106,151,90,153,174,118,121,33,224,277.8,267.9,3374.29375,3.9,5.25,7.29,0.16,G,Umeki Webb
Jessica Shepard,8085,101,1849,536,200,414,8,44,128,171,149,371,233,125,31,19,146,392.2,392.6,3716.00025,4.9,6.60,7.29,0.18,F,Jessica Shepard
Jennifer Rizzotti,10005,140,2372,458,151,412,95,288,61,88,19,186,264,163,95,8,164,492.2,449.8,4077.021,4.2,5.85,7.28,0.14,G,Jennifer Rizzotti
Suzie McConnell Serio,5997,99,2079,515,172,411,85,225,86,114,21,133,370,225,74,8,108,282.9,285.9,3823.6135,3.2,5.59,7.24,0.15,G,Suzie McConnell Serio
Andrea Congreaves,5994,87,1846,500,173,357,48,136,106,130,98,207,111,103,51,17,173,280.6,280.9,3421.8155,6.5,5.26,7.18,0.15,F,Andrea Congreaves
Astou Ndiaye-Diatta,16022,238,3328,1238,546,1193,6,25,140,217,215,466,158,258,79,86,314,704.6,817.4,6103.62275,4.4,5.60,7.03,0.09,F,Astou Ndiaye-Diatta
Crystal Dangerfield,10110,125,3374,1152,433,1064,129,406,157,184,56,247,418,194,101,20,201,496.3,501.3,6839.96,5,5.57,7.03,0.08,G,Crystal Dangerfield
Pollyanna Johns Kimbrough,12008,158,1727,435,155,311,0,0,125,200,138,195,64,107,46,33,161,549.9,536.2,2986.08725,4.5,5.59,6.89,0.19,C,Pollyanna Johns Kimbrough
LaToya Thomas,12033,147,3343,1380,529,1152,26,66,296,364,193,348,157,206,86,46,334,568.9,577.6,6093.94075,9.4,5.84,6.87,0.10,F,LaToya Thomas
Danielle Adams,12082,154,3330,1820,640,1517,188,567,352,465,231,439,138,217,104,100,420,600.3,610.8,6615.09325,10.3,5.74,6.75,0.09,F,Danielle Adams
DiJonai Carrington,8090,102,2557,1073,377,937,71,249,248,322,133,314,152,191,123,27,275,397.4,374.8,5114.6515,5.8,6.55,6.75,0.13,G,DiJonai Carrington
Lexie Brown,14147,189,2858,945,333,855,184,516,95,118,22,225,271,158,137,14,169,689,691.6,5794.2085,3.7,5.48,6.53,0.09,G,Lexie Brown
Anna Cruz,6045,87,1622,456,187,401,27,86,55,73,25,179,200,122,68,13,111,285.1,286.4,3118.326,3.1,5.49,6.46,0.18,G,Anna Cruz
Stacey Thomas,12015,147,2295,438,153,447,20,86,112,217,139,216,232,163,154,49,251,439.6,456.6,4200.1575,2.5,5.12,6.33,0.12,F,Stacey Thomas
Tammy Jackson,11997,225,1939,403,160,346,1,2,82,142,160,237,57,148,100,58,316,577,508.3,3463.0115,4.4,4.90,6.29,0.14,F,Tammy Jackson
Korie Hlede,10000,130,3054,1186,430,1039,83,209,243,302,114,261,273,281,120,11,313,459.5,483.8,5762.19775,5.8,4.87,6.26,0.08,G,Korie Hlede
Penny Toler,5994,99,2253,879,339,831,35,111,166,205,73,170,345,248,82,6,176,285.3,281.1,4331.21,4.1,4.53,6.24,0.10,G,Penny Toler
Aneika Morello,12087,177,2081,623,257,519,0,0,109,150,191,353,55,139,44,96,258,560.9,612.6,4202.6645,5.1,5.25,6.18,0.12,F,Aneika Morello
Rebecca Lobo,12000,162,2327,808,316,777,41,139,135,215,153,347,115,188,52,104,230,462.3,521.7,4374.49525,5.2,4.47,6.14,0.10,C,Rebecca Lobo
Kiesha Brown,18054,252,2599,797,274,738,103,287,146,170,57,257,305,202,96,10,201,794.8,842.3,5070.2165,2.9,5.15,6.07,0.10,G,Kiesha Brown
Krystal Thomas,14101,185,2847,636,264,512,0,1,108,203,304,558,83,196,44,118,413,664.1,721.9,5681.34375,3.6,5.09,5.99,0.09,C,Krystal Thomas
Mery Andrade,10006,131,2737,571,201,536,41,152,128,175,87,205,295,206,136,31,327,468.8,449.8,4646.081,4.7,4.73,5.91,0.10,F,Mery Andrade
Barbara Turner,8030,98,1692,609,188,462,65,213,168,217,62,189,134,112,38,24,155,381.4,372.7,3364.2545,5.2,5.02,5.90,0.15,G,Barbara Turner
Kelly Mazzante,14050,183,2882,933,326,922,218,648,63,73,79,248,173,124,124,15,184,674.9,673.1,5822.19575,3.9,4.96,5.84,0.09,G,Kelly Mazzante
Shalonda Enis,10005,135,2464,817,277,696,62,168,201,266,190,259,90,154,73,14,239,507.9,495.7,4277.4485,5.8,4.76,5.77,0.11,F,Shalonda Enis
Jurgita Streimikyte,6006,93,1824,553,227,502,5,21,94,119,107,204,128,120,82,53,223,284.5,281.5,3162.1285,4.5,4.70,5.76,0.15,F,Jurgita Streimikyte
Karlie Samuelson,12127,163,1984,586,188,449,119,300,91,99,32,186,153,67,61,10,172,567.8,583.1,3997.0625,5.4,5.57,5.70,0.14,G,Karlie Samuelson
Annie Burgess,8005,133,2526,434,157,441,52,162,68,105,81,174,329,173,95,7,150,363.4,384.8,4461.26425,1.7,4.60,5.68,0.10,G,Annie Burgess
Tamara Moore,12027,153,2273,635,210,507,53,162,162,191,60,182,266,207,114,34,244,534.3,553.3,4175.839,4.7,4.78,5.68,0.11,G,Tamara Moore
Tyasha Harris,10110,125,3279,1097,404,985,155,405,134,178,30,182,428,184,113,33,220,500.7,500.7,6512.00375,6.1,5.05,5.59,0.08,G,Tyasha Harris
Naz Hillmon,6069,72,2083,543,208,402,1,6,126,156,166,336,120,117,58,24,163,294.6,299.4,4235.77925,5.4,5.36,5.55,0.13,F,Naz Hillmon
Monica Wright,14091,175,3281,1293,469,1168,72,238,283,367,81,307,292,275,152,34,379,660.9,650.4,6634.10275,5.3,4.63,5.45,0.07,G,Monica Wright
Sidney Spencer,10045,125,1965,707,259,636,122,292,67,73,89,183,92,77,53,16,184,487.5,482.3,3913.1115,5.5,4.59,5.40,0.12,G,Sidney Spencer
Tracy Reid,12003,147,2449,867,339,722,0,6,189,321,156,239,112,201,94,30,179,562.4,616.3,4480.127,3.2,4.05,5.32,0.09,F,Tracy Reid
Jeanette Pohlen-Mavunga,12084,156,1986,505,175,410,103,245,52,63,38,142,116,92,59,16,132,569.9,589,3842.95475,3.8,4.52,5.32,0.12,G,Jeanette Pohlen-Mavunga
Imani McGee-Stafford,8070,94,1672,534,234,475,2,7,64,102,182,328,68,109,58,95,259,381.7,388.7,3381.3645,3.7,4.51,5.30,0.13,C,Imani McGee-Stafford
Gabby Williams,12126,150,3410,1080,436,1016,67,261,141,188,142,427,361,221,197,40,238,589.9,604.5,7030.0635,5.5,4.50,5.26,0.06,F,Gabby Williams
Shalee Lehning,6030,72,1700,263,97,226,23,75,46,74,51,141,327,142,51,11,135,293.6,289.5,3596.0185,2,4.45,5.23,0.12,G,Shalee Lehning
Tayler Hill,14112,182,2860,1285,379,1119,174,539,353,420,41,199,244,149,109,13,169,655.9,699,5599.159,6.1,4.44,5.23,0.08,G,Tayler Hill
Sandrine Gruda,12074,158,2398,1008,401,877,2,11,204,312,205,305,117,205,75,94,246,553.4,554.4,4773.495,4.4,4.32,5.08,0.09,F,Sandrine Gruda
Edwige Lawson-Wade,10038,148,1923,558,186,485,116,321,70,82,38,153,227,129,93,5,180,460.7,483.6,3735.437,3.6,4.31,5.07,0.12,G,Edwige Lawson-Wade
Stephanie Talbot,12121,163,3309,907,329,766,133,369,116,159,128,396,306,221,124,68,306,599.7,597.8,6716.51075,5.8,4.38,5.02,0.07,F,Stephanie Talbot
Amanda Lassiter,12021,153,3679,919,336,939,170,521,77,115,134,371,258,255,149,111,438,553.4,566.5,6642.75675,4,4.12,5.02,0.06,F,Amanda Lassiter
Ashley Battle,12045,159,2134,701,247,642,74,219,133,179,84,252,149,169,112,8,162,549.4,554.6,4201.10075,2.9,4.25,5.00,0.10,F,Ashley Battle
Chante Black,8044,104,1516,368,151,313,0,1,66,124,153,255,38,94,46,100,160,338.3,408.7,3109.315,1.6,4.25,5.00,0.14,C,Chante Black
Barbara Farris,20045,285,4455,1084,377,869,0,5,330,484,282,537,158,315,103,32,563,900.7,920.6,8457.575,3.2,4.08,4.91,0.05,F,Barbara Farris
Kristin Haynie,10035,125,2229,552,205,582,53,165,89,111,70,190,289,218,135,14,202,456.8,457.1,4454.03775,1.6,4.17,4.91,0.09,G,Kristin Haynie
Michelle Edwards,9995,170,2377,758,287,732,38,163,146,238,32,199,280,239,99,16,174,453.5,469.2,4307.333,0.3,3.53,4.87,0.08,G,Michelle Edwards
Hamchetou Maiga-Ba,18054,261,4518,1441,599,1334,1,9,242,385,270,403,287,385,251,50,580,823.2,822.9,8770.2355,5.7,4.00,4.68,0.05,F,Hamchetou Maiga-Ba
NaLyssa Smith,6069,69,2858,1334,516,1126,70,212,232,374,206,617,130,212,55,57,293,299.7,322.7,5797.5,3.2,4.61,4.64,0.08,F,NaLyssa Smith
Kelsey Mitchell,14147,182,7085,3923,1382,3246,558,1476,601,716,93,378,649,471,178,33,491,697.4,752,14293.828,11.9,4.80,4.55,0.03,G,Kelsey Mitchell
Chantel Tremitiere,7994,118,2272,445,147,412,32,104,119,162,56,185,304,205,92,5,189,378.1,391.9,4263.20275,-0.8,3.32,4.51,0.08,G,Chantel Tremitiere
Aari McDonald,8090,98,2502,1002,330,848,134,415,208,245,42,188,321,199,116,12,221,386.7,402.5,5153.57275,3.6,4.10,4.45,0.08,G,Aari McDonald
Niele Ivey,10015,130,2236,408,132,373,90,250,54,66,37,110,228,102,94,18,173,456.2,484.1,3882.82825,3.5,3.65,4.44,0.09,G,Niele Ivey
Bridget Carleton,12129,153,3569,953,330,785,199,501,94,127,114,355,263,134,108,26,274,590.3,601,7178.683,8.6,3.78,4.40,0.05,F,Bridget Carleton
Sydney Colson,20185,295,2538,679,237,587,52,160,153,195,39,142,394,210,147,26,284,910,999.7,5089.87825,2.9,3.82,4.36,0.08,G,Sydney Colson
Rachel Banham,18180,243,3555,1371,477,1233,286,773,131,165,29,266,376,213,86,26,388,905.2,894,7291.50625,5.7,3.34,4.32,0.05,G,Rachel Banham
Tonya Edwards,8002,134,2843,1119,373,1030,118,367,255,329,61,230,214,210,98,31,291,379.4,377.7,4849.3895,5.1,3.45,4.32,0.07,G,Tonya Edwards
K.B. Sharp,12037,157,2167,432,148,387,33,124,103,131,39,120,216,132,61,3,84,544.7,555.5,4082.65,1.9,3.67,4.31,0.09,G,K.B. Sharp
Stacey Lovelace,14031,213,2550,883,324,815,74,214,161,209,168,304,116,217,104,57,291,605.2,681.2,4789.0595,2.6,3.63,4.29,0.08,C,Stacey Lovelace
Lady Grooms,16004,244,4396,1111,388,948,2,21,333,450,214,288,283,277,122,35,271,735.4,757.3,8013.292,5.2,3.54,4.28,0.04,F,Lady Grooms
Alicia Thompson,12010,154,2119,759,311,712,53,151,84,119,106,249,107,126,51,19,167,562.9,591.7,3847.454,3.8,3.38,4.16,0.09,F,Alicia Thompson
Belinda Snell,12048,168,1539,509,166,470,108,342,69,83,67,143,130,86,71,13,158,568.9,577.4,3094.02625,3.3,3.51,4.13,0.11,G,Belinda Snell
Teresa Edwards,4007,79,1556,375,137,368,49,165,52,70,53,142,227,185,88,19,97,186.8,190.3,2806.811,1,3.50,4.11,0.12,G,Teresa Edwards
Kerri Gardin,8038,106,1733,389,129,388,32,114,99,171,125,233,123,118,87,47,168,372.7,383,3445.16025,1.7,3.45,4.06,0.10,F,Kerri Gardin
Kisha Ford,9995,125,1807,440,163,445,7,47,107,179,106,112,90,100,111,15,242,434.6,430.5,3196.49325,3,3.09,4.06,0.10,G,Kisha Ford
Tynesha Lewis,12021,153,1875,568,217,537,41,117,93,130,80,141,126,133,69,29,139,562,546.2,3198.774,2.4,3.37,4.06,0.11,G,Tynesha Lewis
Clarisse Machanguana,8002,98,1673,485,196,372,0,1,93,143,96,212,62,107,49,27,256,373.3,380.1,2999.00225,4.6,3.22,4.02,0.11,C,Clarisse Machanguana
Allison Hightower,12077,155,2417,763,298,789,58,220,109,133,58,172,201,112,118,19,222,581.6,576.9,4755.5475,3.9,3.33,3.92,0.07,G,Allison Hightower
Vanessa Hayden,10032,127,1942,827,341,807,0,0,145,245,181,353,67,186,46,177,424,448.8,463.8,3661.57725,2.3,3.32,3.91,0.09,C,Vanessa Hayden
Gordana Grubin,12011,179,2835,1013,362,951,114,336,175,232,72,195,295,210,99,5,195,545.5,568,5114.94675,3.4,3.11,3.89,0.06,G,Gordana Grubin
Rebecca Allen,18175,247,3754,1289,478,1217,210,578,123,153,120,460,169,164,158,172,372,869.9,864.3,7678.22625,6.1,3.39,3.88,0.04,F,Rebecca Allen
Edna Campbell,14014,238,3426,1143,421,1112,161,415,140,193,52,224,221,225,97,30,219,638.1,632.2,6144.16275,3.6,3.12,3.83,0.05,G,Edna Campbell
Ayana Walker,12027,153,1514,360,144,377,2,9,70,120,131,186,56,82,42,73,167,538.5,566.2,2853.3935,2.1,3.13,3.78,0.11,F,Ayana Walker
Amanda Zahui B,16149,205,3345,1285,482,1155,130,434,191,257,186,633,153,271,104,171,530,733.5,780.8,6838.21225,3.6,2.01,3.75,0.03,C,Amanda Zahui B
Lynn Pride,8006,94,1860,425,173,459,5,23,74,122,105,228,112,137,72,55,229,357.6,374.5,3307.3955,0.6,2.96,3.70,0.09,G,Lynn Pride
La'Keshia Frett,14014,196,2754,794,330,758,6,18,128,169,150,229,159,150,55,50,249,657.8,667.4,4916.717,4.2,3.00,3.70,0.06,F,La'Keshia Frett
Deanna Jackson,10020,125,2511,830,299,758,30,91,202,286,173,199,146,148,77,35,278,462.4,475.7,4417.27575,4.9,3.08,3.64,0.07,F,Deanna Jackson
Nikki McCray,18018,279,6403,2521,896,2176,175,604,554,724,179,306,450,565,235,14,517,806.3,866.4,11341.56675,7.5,2.91,3.59,0.03,G,Nikki McCray
Chelsea Newton,10035,125,2758,714,247,659,36,126,184,253,101,161,223,159,136,26,353,467,465.4,5260.93125,5.2,3.00,3.53,0.06,G,Chelsea Newton
Adia Barnes,14007,175,2004,480,184,508,30,91,82,132,148,187,114,129,85,28,225,653.3,609.9,3593.352,2.4,2.84,3.41,0.08,F,Adia Barnes
Olympia Scott,20030,280,3505,1033,389,889,1,15,254,374,262,449,174,324,121,72,580,892.6,984.6,6298.138,3.2,2.74,3.40,0.04,C,Olympia Scott
Monica Maxwell,8002,98,1572,448,151,435,81,237,65,81,67,184,94,103,66,25,136,356.9,373.9,2813.042,1.9,2.71,3.38,0.10,F,Monica Maxwell
Marine Johannès,6064,82,1619,626,220,504,136,344,50,62,22,102,186,113,45,8,123,302.1,303.4,3322.4205,3.1,3.08,3.37,0.09,G,Marine Johannès
Kayla Pedersen,12082,154,2928,620,231,616,25,82,133,188,168,387,196,150,119,53,327,553.7,587.6,5790.739,2.4,2.82,3.31,0.05,F,Kayla Pedersen
Tiffany Mitchell,18180,234,6030,2354,774,2028,138,503,668,757,167,475,476,415,195,28,552,869.9,923.2,12079.82775,3.5,2.92,3.29,0.02,G,Tiffany Mitchell
Gwen Jackson,6012,72,1522,437,173,405,8,40,83,126,125,184,38,71,21,24,131,271.6,294.5,2750.7395,2.3,2.79,3.28,0.10,F,Gwen Jackson
Stacey Dales,10022,127,3825,1364,459,1203,232,662,214,290,104,217,395,262,93,20,324,473,492.7,7041.60425,6.3,2.66,3.26,0.04,F,Stacey Dales
Bria Holmes,10093,128,2553,880,325,837,65,241,165,244,99,209,168,143,98,30,145,471.1,512.6,5214.1415,2.6,2.87,3.25,0.05,G,Bria Holmes
Kayte Christensen,12027,147,1939,463,181,389,0,1,101,166,163,209,74,143,90,47,384,548.3,558.1,3530.11275,2.9,2.58,3.10,0.07,F,Kayte Christensen
Tamicha Jackson,14021,182,2935,1030,413,1116,84,283,120,169,71,186,389,242,188,7,219,634.6,691.5,5408.72,2.5,2.55,3.10,0.05,G,Tamicha Jackson
Theresa Plaisance,18162,243,2876,974,352,969,172,511,98,125,163,481,146,151,91,102,413,872,929,5907.1145,3.5,2.66,3.06,0.05,F,Theresa Plaisance
Lynetta Kizer,14105,182,2322,1050,438,919,3,14,171,214,188,310,62,161,87,40,375,665.7,675.7,4635.6845,5,2.57,3.03,0.06,F,Lynetta Kizer
Andrea Nagy,8002,118,2262,327,110,286,32,98,75,105,24,155,361,192,60,18,242,372.2,384.9,4033.41475,0.4,2.41,3.01,0.06,G,Andrea Nagy
Alex Bentley,14112,182,5468,2350,925,2389,239,807,261,334,53,315,645,313,244,30,516,688.5,697.8,10913.8415,8.4,2.56,3.01,0.02,G,Alex Bentley
Elena Tornikidou,6000,108,1733,657,242,513,23,57,150,170,72,124,146,138,49,28,140,270.6,287.8,3159.42375,4.3,2.38,2.97,0.08,F,Elena Tornikidou
Adrienne Johnson,11999,161,3013,1010,409,997,102,301,90,115,104,188,129,166,73,13,199,569.7,568.4,5393.139,2.9,2.32,2.97,0.04,G,Adrienne Johnson
Sydney Wiese,10095,125,1862,466,166,427,96,264,38,47,18,118,132,84,41,13,88,493.8,511.3,3768.365,1.7,1.93,2.95,0.05,G,Sydney Wiese
Kia Nurse,12125,155,4788,1872,593,1635,295,910,391,460,97,398,342,258,119,18,391,571.6,626.1,9722.87525,3.9,2.88,2.88,0.03,G,Kia Nurse
Kayla Alexander,16132,212,2404,818,330,650,0,0,158,207,223,344,61,167,46,91,305,737.4,794.7,4735.59825,4,2.43,2.87,0.05,C,Kayla Alexander
Victoria Vivians,12128,164,3725,1190,432,1210,192,621,134,168,94,435,247,203,145,31,331,591.7,629.3,7550.50325,-0.1,2.81,2.82,0.04,G,Victoria Vivians
Yvonne Turner,10099,164,1788,582,203,536,66,214,110,138,32,175,183,143,69,7,137,471.4,500.3,3610.0775,0.4,2.44,2.82,0.07,G,Yvonne Turner
Kennedy Burke,10106,126,1685,578,214,506,61,196,89,131,66,130,94,94,79,36,121,474.6,508,3433.964,2.5,2.57,2.76,0.07,G,Kennedy Burke
Kristy Wallace,6069,84,1777,557,206,511,79,211,66,88,51,147,179,110,58,21,151,289.9,304.1,3646.01375,1.6,2.64,2.75,0.07,G,Kristy Wallace
Jenna O'Hea,12081,165,2400,679,228,553,132,321,91,109,62,184,218,128,64,34,218,570.1,582.3,4697.30875,4.7,2.33,2.74,0.05,F,Jenna O'Hea
Vanessa Nygaard,10005,135,1735,493,179,420,80,222,55,74,102,143,56,71,39,8,221,458.8,491.3,3127.4055,4.2,2.18,2.73,0.07,F,Vanessa Nygaard
Shekinna Stricklen,20165,265,6147,2245,795,1995,468,1287,187,250,140,586,242,219,213,54,505,979.4,990.9,12126.26225,14.7,3.26,2.72,0.03,F,Shekinna Stricklen
Slobodanka Tuvic,8010,102,1706,358,125,334,1,11,107,161,85,231,72,132,60,78,278,368.3,370.1,3024.6195,0.6,2.07,2.46,0.07,C,Slobodanka Tuvic
Tamera Young,24162,330,8197,2641,1029,2584,64,213,519,757,412,1021,552,501,305,83,847,1165.8,1178,16346.98675,6.7,2.06,2.43,0.01,F,Tamera Young
Megan Gustafson,12129,153,1631,666,255,492,50,138,106,134,123,259,59,96,38,32,231,564.5,607.8,3352.648,4.5,2.31,2.41,0.07,C,Megan Gustafson
Edwina Brown,10012,122,2526,662,230,689,27,72,175,217,126,220,280,245,113,26,279,414.7,479,4543.64925,-0.5,1.92,2.35,0.04,G,Edwina Brown
Jamierra Faulkner,10082,127,2099,814,305,790,59,209,145,184,32,146,410,230,93,20,202,479.8,513.1,4243.87525,0.3,1.97,2.32,0.05,G,Jamierra Faulkner
Ketia Swanier,10050,120,1753,382,135,387,47,165,65,91,28,190,262,197,78,6,146,480.2,487.3,3699.45425,-1.4,1.84,2.16,0.05,G,Ketia Swanier
Charde Houston,14077,182,3763,1797,702,1620,124,388,269,368,168,512,245,331,185,84,487,660.9,696.2,7749.50925,6.1,1.76,2.07,0.02,F,Charde Houston
Chennedy Carter,8087,95,1937,1225,489,1034,24,82,223,288,44,168,239,164,73,24,247,396.6,419.5,4027.15275,3.7,2.06,2.06,0.05,G,Chennedy Carter
Jordan Horston,4047,47,1677,515,212,500,23,93,68,95,94,256,127,137,94,47,152,195.5,197.3,3457.25575,1.4,2.05,2.05,0.06,F,Jordan Horston
Shannon Bobbitt,8040,100,1762,377,131,415,54,192,61,83,50,121,262,163,84,4,145,360.4,384.2,3432.83825,0.1,1.73,2.03,0.05,G,Shannon Bobbitt
Amber Holt,10050,130,2913,962,337,898,97,331,191,237,116,289,258,132,83,17,239,476.3,496.7,5846.546,4.2,1.72,2.03,0.03,F,Amber Holt
Kristen Mann,12045,147,2326,647,248,636,82,242,69,91,85,222,169,102,70,20,200,543.1,592.1,4590.134,3.1,1.66,1.95,0.04,F,Kristen Mann
Shanna Zolman,8032,100,1914,926,330,827,199,488,67,83,20,119,115,132,53,8,105,361.2,395.7,3912.994,2.6,1.62,1.91,0.04,G,Shanna Zolman
Carla Boyd,5998,73,1737,489,180,500,46,149,83,123,86,130,133,121,62,20,202,285.4,270.9,3298.299,2,1.35,1.76,0.04,F,Carla Boyd
Ashley Robinson,20085,265,3577,556,246,642,1,8,63,151,256,478,149,251,112,204,567,892.4,947.5,6818.69275,0.1,1.42,1.67,0.02,C,Ashley Robinson
Quanitra Hollingsworth,10058,118,1513,450,150,329,0,1,150,223,137,262,30,138,47,29,254,448.8,479.2,3041.4915,1.9,1.41,1.66,0.05,C,Quanitra Hollingsworth
Jessie Hicks,12007,181,1970,705,272,609,0,1,161,237,174,186,83,193,85,81,356,527.3,586.1,3538.766,2.2,1.22,1.41,0.03,C,Jessie Hicks
Doneeka Lewis,12041,149,1558,409,150,429,62,183,47,60,25,105,181,133,50,15,81,511.3,606.4,2942.769,0.3,1.16,1.36,0.04,G,Doneeka Lewis
Astou Ndour-Fall,14132,174,1689,644,243,578,59,188,99,119,129,268,48,70,39,78,202,647.9,729,3454.616,3.7,1.22,1.25,0.04,C,Astou Ndour-Fall
Reshanda Gray,12113,161,1586,542,209,431,6,26,118,188,142,297,46,138,40,32,345,579.5,599.1,3274.11975,1.6,0.74,1.13,0.02,F,Reshanda Gray
Dana Evans,8090,98,2179,866,287,783,123,364,169,190,18,110,283,158,68,13,143,385.7,407,4419.38825,2,1.03,1.06,0.02,G,Dana Evans
Amber Jacobs,10030,125,2204,614,207,543,101,295,99,125,30,144,287,238,70,6,186,457.1,493.1,4166.8225,5.55111512312578E-17,0.81,0.96,0.02,G,Amber Jacobs
Morgan Tuck,10090,125,1701,642,242,590,67,208,91,127,77,196,97,107,50,9,157,479.7,478.3,3496.4425,2.5,0.84,0.90,0.02,F,Morgan Tuck
Claudia Neves,8002,106,1526,387,133,385,65,224,56,73,19,75,143,118,76,1,100,361.2,382,2867.87075,0.2,0.63,0.79,0.02,G,Claudia Neves
Sug Sutton,6067,73,1544,429,162,438,45,146,60,77,20,119,264,139,44,4,98,288.7,313.9,3090.613,-1.6,0.65,0.61,0.02,G,Sug Sutton
Michele Van Gorp,12009,153,1502,425,168,385,2,10,87,140,103,174,56,134,23,45,244,523.4,553.9,2685.229,0.5,0.46,0.56,0.02,C,Michele Van Gorp
Nia Coffey,16164,212,3570,1085,390,1035,141,387,164,250,125,556,181,244,97,133,401,733,793.2,7321.748,1.3,0.57,0.52,0.01,F,Nia Coffey
Semeka Randall,8010,98,2289,716,267,721,4,31,178,273,125,182,124,191,86,10,176,350.9,387.2,4009.21075,-0.9,0.32,0.42,0.01,G,Semeka Randall
Jessica Moore,18081,243,2902,638,244,577,0,4,150,204,179,268,97,173,66,32,405,837.1,792.9,5738.38525,2.9,0.35,0.42,0.01,F,Jessica Moore
Chantelle Anderson,10025,125,1562,503,196,418,0,0,111,152,83,170,39,131,24,41,269,449,458.8,2845.715,0.8,0.31,0.37,0.01,C,Chantelle Anderson
Lexie Hull,6069,72,1624,424,142,386,54,173,86,103,79,127,86,77,67,22,216,298.2,319.9,3300.06775,1,0.39,0.32,0.01,G,Lexie Hull
Kelsey Bone,10076,121,3289,1357,587,1248,4,24,179,282,231,538,204,277,76,54,424,457.8,513.4,6438.5325,4.3,0.16,0.19,0.00,C,Kelsey Bone
Katie Lou Samuelson,10106,126,2775,817,282,725,142,422,111,135,57,287,196,99,85,33,197,499.8,520.4,5738.174,3.4,-0.26,-0.15,0.00,F,Katie Lou Samuelson
Shyra Ely-Gash,12046,148,2185,693,252,663,48,150,141,200,97,286,93,155,47,24,244,529.5,590.5,4207.03875,0.5,-0.24,-0.28,-0.01,F,Shyra Ely-Gash
Katrina Colleton,7996,116,2174,506,198,555,19,65,91,128,67,113,148,134,80,27,164,340.9,368.3,3964.51675,0.6,-0.37,-0.32,-0.01,F,Katrina Colleton
Matee Ajavon,20125,275,5626,2237,735,2118,144,541,623,797,209,357,577,544,328,44,701,925.8,978.6,11134.42725,4,-0.74,-0.87,-0.01,G,Matee Ajavon
Jordan Hooper,8062,98,1818,582,201,555,141,408,39,54,58,166,44,71,41,14,130,389.7,409.5,3705.165,1.6,-0.76,-0.89,-0.02,F,Jordan Hooper
Scholanda Dorrell,14063,189,3913,1450,510,1325,109,351,321,458,111,218,179,335,230,49,407,627.7,682.1,7971.455,1.5,-2.00,-2.35,-0.03,G,Scholanda Dorrell
LaTonya Johnson,14007,182,2498,687,238,674,73,258,138,193,61,163,123,160,58,15,268,648,684.8,4788.24775,-1,-3.29,-4.10,-0.07,F,LaTonya Johnson
Kaleena Mosqueda-Lewis,12105,147,1968,799,297,753,137,407,68,78,35,141,99,129,30,11,192,561.7,599.5,3983.4725,0.3,-3.25,-4.34,-0.08,F,Kaleena Mosqueda-Lewis
Michaela Onyenwere,8090,94,2777,1015,358,892,112,342,187,242,101,272,115,183,77,48,331,387.7,410.4,5650.2565,0.4,-4.25,-4.49,-0.08,F,Michaela Onyenwere
Iziane Castro Marques,22086,295,6671,2862,1043,2616,275,861,501,690,147,463,509,534,209,29,502,1039.1,1050.1,13431.0015,7.6,-4.56,-5.39,-0.03,F,Iziane Castro Marques
Kaela Davis,12120,156,1707,578,211,583,47,135,109,146,43,144,141,168,46,12,206,544.5,661.7,3452.35725,-2.9,-5.12,-6.00,-0.15,F,Kaela Davis
Jennifer Lacy,20105,285,4484,1504,542,1387,160,485,260,377,248,423,169,305,119,76,680,942.3,1040.5,9129.24325,0.7,-8.06,-9.48,-0.09,F,Jennifer Lacy
